From,To,Distance(km)
Sagarpur,Saket,2.57
Arjangarh,Shalimar Bagh,10.72
Kirti Nagar,Green Park,2.14
Andheria Mod,Rohini,9.25
Tilak Nagar,Samaypur,5.06
Dwarka,Seelampur,5.28
Azadpur,Mansarovar Park,11.14
Pragati Maidan,Dilshad Garden,5.08
Palam Colony,Jasola,4.94
Bijwasan,Chattarpur,6.11
Green Park,India Gate,1.02
Preet Vihar,Geeta Colony,14.69
Rajouri Garden,Badli,12.2
Lok Kalyan Marg,Mehrauli,10.27
New Friends Colony,Sonia Vihar,2.25
India Gate,Subhash Nagar,9.22
Mansarovar Park,Rani Bagh,7.14
Jasola,Rajiv Chowk,1.19
Welcome,AIIMS,12.13
Rohini,Mandi House,12.92
Mayapuri,Kashmiri Gate,9.46
Tilak Nagar,Mukherjee Nagar,1.89
RK Puram,Kapasheda,2.54
Hauz Khas,Seelampur,14.45
Sangam Vihar,Mukherjee Nagar,12.12
Adarsh Nagar,Burari,12.37
Arjangarh,Central Secretariat,9.47
Race Course,Nauroji Nagar,6.64
Adarsh Nagar,Kashmere Gate,6.65
Barakhamba,Chandni Chowk,12.5
Central Secretariat,India Gate,6.56
Malviya Nagar,Surajmal Vihar,6.73
Pushp Vihar,Hari Nagar,9.34
GTB Enclave,Anand Vihar,1.88
Moti Nagar,Karol Bagh,11.3
Pandav Nagar,Kashmiri Gate,10.15
Vasant Kunj,Okhla,14.21
Patparganj,Dwarka,12.95
Mehrauli,Ashram,11.42
GTB Nagar,Hauz Khas,8.89
Tughlakabad,Mukherjee Nagar,3.98
Badarpur,Anand Vihar,6.46
Shahdara,Kirti Nagar,10.94
Rohini,Vikaspuri,5.65
Uttam Nagar,Jasola,1.03
Tughlakabad,Shadipur,1.31
Malviya Nagar,ITO,5.16
Mayur Vihar,India Gate,9.16
Rani Bagh,Chanakyapuri,3.89
Rajouri Garden,Seelampur,10.01
Babarpur,Malviya Nagar,11.12
Burari,Qutub Minar,8.72
Bhikaji Cama Place,Neb Sarai,1.12
Hazrat Nizamuddin,Sarita Vihar,10.67
Jamia Nagar,Pragati Maidan,8.82
Hauz Khas,Pragati Maidan,12.82
Shalimar Bagh,Inderpuri,4.24
Govindpuri,Majnu Ka Tila,13.8
Pitampura,Sarojini Nagar,2.4
Dilshad Garden,Nizamuddin,11.65
Punjabi Bagh,Badli,5.36
Kapasheda,Central Secretariat,9.18
East of Kailash,Malviya Nagar,5.56
Pragati Maidan,Jhilmil,4.04
Majnu Ka Tila,Mehrauli,4.52
Andheria Mod,Madanpur Khadar,7.05
Mehrauli,Shalimar Bagh,13.99
Rohini,Jhilmil,8.28
Ramesh Nagar,East of Kailash,13.42
East of Kailash,Jasola,10.96
Timarpur,Tughlakabad,6.11
ISBT,South Extension,10.51
Burari,Patparganj,3.35
Tagore Garden,Mayapuri,8.41
Patparganj,Vikaspuri,1.83
Inderpuri,Malviya Nagar,8.09
Kapasheda,Welcome,1.5
Preet Vihar,Samaypur,9.36
Shadipur,Patparganj,12.76
Rohini,Ashram,14.01
Patel Chowk,Jhilmil,5.39
ISBT,New Friends Colony,12.09
Krishna Nagar,Chanakyapuri,10.29
Ghitorni,Batla House,1.15
Adarsh Nagar,Model Town,12.58
Tughlakabad,Chandni Chowk,4.84
Ashok Vihar,Burari,6.84
AIIMS,INA,3.33
Sultanpur,Sarojini Nagar,2.16
Mandi House,Hari Nagar,8.87
RK Puram,Shalimar Bagh,14.13
Tughlakabad,Dilshad Garden,1.12
Pandav Nagar,Ali Vihar,1.52
Ali Vihar,GTB Nagar,3.68
Neb Sarai,Lajpat Nagar,13.82
Kirti Nagar,Yamuna Vihar,10.02
India Gate,Shalimar Bagh,1.37
Chandni Chowk,Vivek Vihar,3.52
Tughlakabad,Ali Vihar,7.44
Mehrauli,Vikaspuri,6.84
Deoli,Batla House,4.08
Mandi House,Connaught Place,5.57
RK Puram,Jamia Nagar,8.95
INA,Shalimar Bagh,3.24
Batla House,Laxmi Nagar,9.77
Lok Kalyan Marg,Hari Nagar,13.41
East of Kailash,Kashmiri Gate,11.92
Tehkhand,Rohini,10.74
Anand Vihar,Ali Vihar,13.26
Laxmi Nagar,Qutub Minar,13.66
Govindpuri,Kashmiri Gate,9.36
Ashok Vihar,Govindpuri,2.68
Subhash Nagar,Andheria Mod,3.79
Karkardooma,Race Course,3.09
Dilshad Garden,Yamuna Vihar,4.19
Zafrabad,Adarsh Nagar,1.15
Anand Vihar,RK Puram,10.84
Pandav Nagar,Shalimar Bagh,12.31
Karawal Nagar,Vikaspuri,12.76
Rohini,Mayapuri,4.72
Mayur Vihar,Palam Colony,9.34
Nehru Place,Central Secretariat,8.83
Adarsh Nagar,Ashok Vihar,7.49
Subhash Nagar,Mustafabad,10.69
Model Town,Uttam Nagar,12.71
Kalkaji,Jasola,6.63
Sonia Vihar,Safdarjung,8.27
Wazirabad,Patparganj,2.0
Bhogal,Hazrat Nizamuddin,9.9
Vikaspuri,Ambedkar Nagar,9.02
Vikaspuri,Yamuna Vihar,2.11
Mustafabad,Shadipur,12.86
Moti Nagar,Tigri,8.6
Lajpat Nagar,Rani Bagh,10.85
Kirti Nagar,Madanpur Khadar,1.2
Tughlakabad,Vasant Kunj,4.98
Geeta Colony,Pitampura,6.61
Shahdara,Safdarjung,13.5
Kirti Nagar,Sultanpur,3.41
Shahdara,Sonia Vihar,8.36
Tilak Nagar,Preet Vihar,2.95
Burari,Netaji Subhash Place,5.64
Neb Sarai,Anand Vihar,7.61
Greater Kailash,South Extension,8.84
AIIMS,Vasant Kunj,1.14
Civil Lines,Palam Colony,6.57
Dabri,Ramesh Nagar,13.72
Kapasheda,Chanakyapuri,6.63
Badli,Nehru Place,2.69
Sonia Vihar,Geeta Colony,8.13
Connaught Place,Mansarovar Park,12.91
Welcome,Majnu Ka Tila,10.39
Zafrabad,Safdarjung,2.39
Mayapuri,Paschim Vihar,13.72
Mukherjee Nagar,Mandi House,5.6
Vikaspuri,Lajpat Nagar,13.88
Rajouri Garden,Ashok Vihar,5.82
Burari,GTB Enclave,9.89
Arjangarh,Dwarka,12.69
Majnu Ka Tila,Mayapuri,14.72
Rajiv Chowk,Vasant Kunj,5.83
Azadpur,Yamuna Vihar,1.86
Jamia Nagar,Karawal Nagar,10.53
Preet Vihar,Civil Lines,9.8
Kirti Nagar,RK Puram,14.25
Batla House,Majnu Ka Tila,6.98
Janakpuri,Bhogal,13.79
Jasola,Connaught Place,7.72
Saket,Ashok Vihar,8.98
Krishna Nagar,Burari,11.34
Batla House,Kirti Nagar,2.99
Pandav Nagar,Ashok Vihar,3.97
Jasola,Hauz Khas,14.72
Okhla,Mehrauli,1.55
Bijwasan,Jhilmil,9.48
INA,Samaypur,12.81
Rajendra Nagar,RK Puram,3.56
New Friends Colony,Netaji Subhash Place,14.17
Mahipalpur,Mandi House,6.29
Mayur Vihar,Vasant Kunj,11.76
Batla House,Nehru Place,13.95
Vikaspuri,ISBT,13.57
Sarojini Nagar,Babarpur,12.62
Rani Bagh,Badli,5.99
Sultanpur,Ashram,6.35
Jasola,Shahdara,4.01
Burari,Vasant Kunj,2.74
Bhikaji Cama Place,Uttam Nagar,4.31
Shahdara,Tilak Nagar,3.2
Shalimar Bagh,Rohini,9.72
Jahangirpuri,Tughlakabad,13.21
Rani Bagh,Jhilmil,3.75
Mansarovar Park,Shahdara,12.41
Sarojini Nagar,Bhikaji Cama Place,11.6
Badarpur,Adarsh Nagar,14.61
Azadpur,Geeta Colony,8.99
Rajiv Chowk,Badli,1.82
Ghitorni,Timarpur,10.55
Chanakyapuri,Connaught Place,5.89
Connaught Place,Mehrauli,4.02
Jamia Nagar,Shahdara,8.03
Timarpur,Azadpur,9.57
Tughlakabad,Nizamuddin,2.21
Race Course,Naraina,6.65
Madanpur Khadar,Model Town,9.75
Naraina,Nauroji Nagar,5.04
Dabri,Shalimar Bagh,1.23
Jahangirpuri,Chattarpur,4.02
Inderpuri,Adarsh Nagar,3.51
Dabri,Surajmal Vihar,2.58
Sagarpur,Civil Lines,5.23
Nehru Place,Shahdara,7.72
Tilak Nagar,GTB Nagar,3.86
Netaji Subhash Place,Chattarpur,6.81
Ali Vihar,Bhikaji Cama Place,7.46
Qutub Minar,Pandav Nagar,14.81
Ramesh Nagar,Chattarpur,2.48
Preet Vihar,Pushp Vihar,2.67
Malviya Nagar,Tilak Nagar,11.68
Kirti Nagar,Kalkaji,14.69
Race Course,Laxmi Nagar,10.3
Hazrat Nizamuddin,Azadpur,2.92
Nehru Place,Anand Vihar,4.99
Chattarpur,Shadipur,5.83
Welcome,AIIMS,13.28
Malviya Nagar,South Extension,12.28
Kapasheda,Kashmiri Gate,6.11
Govindpuri,Malviya Nagar,6.02
Kapasheda,Old Delhi,11.9
Mehrauli,Sonia Vihar,13.9
Dwarka,Karol Bagh,3.0
Jahangirpuri,Madanpur Khadar,8.38
Tughlakabad,Kashmiri Gate,9.33
Okhla,Hari Nagar,11.66
Moti Nagar,Badli,10.7
Vasant Kunj,Krishna Nagar,6.08
Shadipur,Model Town,10.34
Samaypur,Deoli,12.76
Pandav Nagar,Badli,14.07
Subhash Nagar,Jasola,8.21
Central Secretariat,New Friends Colony,6.27
Tigri,Sagarpur,3.3
Hazrat Nizamuddin,Ashok Vihar,10.11
Chandni Chowk,Neb Sarai,14.01
Pushp Vihar,Sarojini Nagar,13.54
Barakhamba,Palam Colony,12.08
Karawal Nagar,Qutub Minar,4.71
Burari,Babarpur,9.98
Bijwasan,Mandawali,4.06
Jhilmil,Jasola,9.33
Adarsh Nagar,Civil Lines,2.04
Naraina,Dilshad Garden,10.84
Seelampur,Jamia Nagar,3.31
Lok Kalyan Marg,Ambedkar Nagar,1.5
Arjangarh,Ghitorni,11.51
Burari,Tigri,4.0
Deoli,Bijwasan,10.76
Mustafabad,Palam Colony,11.97
Kalkaji,Timarpur,3.98
Batla House,Kalkaji,5.65
Kashmiri Gate,Pandav Nagar,12.41
Krishna Nagar,Preet Vihar,4.0
Adarsh Nagar,Madanpur Khadar,2.0
India Gate,Connaught Place,8.35
Kapasheda,Seelampur,6.28
ITO,Majnu Ka Tila,3.32
Ramesh Nagar,Sangam Vihar,6.1
New Friends Colony,Azadpur,9.37
Mustafabad,Deoli,11.55
Race Course,RK Puram,13.54
Jasola,Model Town,10.63
Badli,Samaypur,14.05
Kashmiri Gate,Uttam Nagar,10.34
Chandni Chowk,Kapasheda,8.07
Geeta Colony,New Friends Colony,1.98
Patparganj,Bijwasan,11.25
Mayur Vihar,Tilak Nagar,14.24
Karkardooma,Mayapuri,5.66
Sangam Vihar,Surajmal Vihar,5.76
Samaypur,Janakpuri,5.49
Chandni Chowk,India Gate,11.76
Mansarovar Park,Uttam Nagar,7.09
Dabri,Burari,7.84
Patel Chowk,Tehkhand,5.37
Kapasheda,Vikaspuri,2.27
Barakhamba,Burari,13.47
Hazrat Nizamuddin,Chandni Chowk,12.1
Majnu Ka Tila,Tigri,14.7
Palam Colony,Sarojini Nagar,11.37
Rani Bagh,Badli,10.31
Jasola,Mehrauli,1.75
Burari,Welcome,13.7
Kirti Nagar,Tagore Garden,13.53
Patel Chowk,Okhla,3.62
INA,Tehkhand,14.28
Madanpur Khadar,Okhla,4.64
Jasola,Ashram,11.7
Majnu Ka Tila,Ashram,9.11
Model Town,RK Puram,3.22
Wazirabad,Badarpur,1.18
Mansarovar Park,Dilshad Garden,9.55
Mansarovar Park,Chattarpur,13.42
Mayur Vihar,Geeta Colony,4.61
Green Park,Nauroji Nagar,3.89
Uttam Nagar,Barakhamba,14.12
Zafrabad,Dabri,10.42
Azadpur,Palam Colony,6.54
Tigri,Tehkhand,1.23
Paschim Vihar,Patel Chowk,9.61
Sarojini Nagar,Shahdara,7.04
Jamia Nagar,Karol Bagh,13.32
Pandav Nagar,Mukherjee Nagar,6.6
GTB Enclave,Madanpur Khadar,12.83
Mandawali,Shadipur,9.44
Bhikaji Cama Place,Ashok Vihar,10.48
Janakpuri,Govindpuri,14.84
Sarojini Nagar,South Extension,3.6
Adarsh Nagar,Model Town,7.5
Adarsh Nagar,Jahangirpuri,7.47
Malviya Nagar,Badli,11.18
Rajiv Chowk,Jahangirpuri,5.02
Ashram,Badli,3.86
Najafgarh,Sarita Vihar,14.76
Surajmal Vihar,Bhogal,8.17
Kashmere Gate,Dilshad Garden,3.86
Ghitorni,Hazrat Nizamuddin,13.67
Mahipalpur,Surajmal Vihar,6.13
Connaught Place,Patparganj,5.27
New Friends Colony,Jhilmil,2.12
Jahangirpuri,Chattarpur,4.56
AIIMS,South Extension,8.57
Badarpur,Laxmi Nagar,6.89
Naraina,Karawal Nagar,12.53
Mayur Vihar,Sagarpur,1.07
Dwarka,Batla House,12.9
Vivek Vihar,Bhikaji Cama Place,8.15
Qutub Minar,Badarpur,11.21
Najafgarh,Okhla,9.26
GTB Nagar,Ashram,4.74
Pushp Vihar,Batla House,4.81
East of Kailash,Neb Sarai,14.15
Naraina,Najafgarh,2.12
Badli,Tilak Nagar,2.92
Rajendra Nagar,Krishna Nagar,10.81
Uttam Nagar,Preet Vihar,1.09
Madanpur Khadar,Nauroji Nagar,6.73
Mahipalpur,Civil Lines,12.71
Sonia Vihar,Tilak Nagar,9.29
Ambedkar Nagar,Welcome,6.55
Geeta Colony,Adarsh Nagar,5.26
INA,GTB Nagar,7.89
Pragati Maidan,Neb Sarai,6.43
Greater Kailash,Karkardooma,10.06
Neb Sarai,Hari Nagar,5.85
Anand Vihar,Welcome,7.05
Bhogal,Mayur Vihar,9.27
Moti Nagar,Sagarpur,8.15
INA,South Extension,7.59
Dwarka,Okhla,4.23
Nauroji Nagar,Qutub Minar,3.12
Burari,Badli,8.41
Mustafabad,Hazrat Nizamuddin,6.44
Mayapuri,Kashmere Gate,7.2
Malviya Nagar,Bijwasan,4.3
Karol Bagh,Tilak Nagar,2.18
Malviya Nagar,Lok Kalyan Marg,5.25
Timarpur,Naraina,12.73
Mustafabad,Zafrabad,10.01
Najafgarh,Sarita Vihar,4.49
Jasola,Tigri,12.96
Majnu Ka Tila,Ashok Nagar,2.86
Nehru Place,Model Town,4.48
Tagore Garden,Ali Vihar,8.5
Netaji Subhash Place,Jasola,4.45
ISBT,Vivek Vihar,12.06
Pandav Nagar,Yamuna Vihar,6.32
Mansarovar Park,Sagarpur,4.24
Welcome,Safdarjung,1.13
Shadipur,Dabri,12.36
INA,Nizamuddin,3.97
Pushp Vihar,Neb Sarai,6.8
Kapasheda,Kashmiri Gate,5.26
Sagarpur,Green Park,9.96
Chandni Chowk,Karol Bagh,9.89
Malviya Nagar,South Extension,14.77
Ambedkar Nagar,Central Secretariat,2.29
Ashok Vihar,Tilak Nagar,13.41
Green Park,Old Delhi,2.98
Jamia Nagar,Rajendra Nagar,7.82
Safdarjung,Jasola,6.11
South Extension,Badli,1.93
Shahdara,Ashram,12.5
Kashmere Gate,Patparganj,9.31
Vikaspuri,Karol Bagh,14.73
Mukherjee Nagar,Rajendra Nagar,7.68
Karol Bagh,GTB Nagar,14.96
Hari Nagar,Vasant Kunj,3.1
Chattarpur,Krishna Nagar,2.79
Deoli,Vasant Kunj,8.76
Ambedkar Nagar,Sarita Vihar,2.56
Hari Nagar,Ashok Vihar,14.11
Mustafabad,Lok Kalyan Marg,10.96
Zafrabad,Jahangirpuri,12.48
Shalimar Bagh,Punjabi Bagh,12.65
Krishna Nagar,Jasola,3.35
Mukherjee Nagar,Burari,8.53
Govindpuri,Welcome,9.93
Batla House,Mayapuri,5.46
South Extension,Hari Nagar,6.89
Moti Nagar,Chanakyapuri,9.34
Babarpur,Model Town,1.07
Anand Vihar,Seelampur,10.4
Nizamuddin,Burari,9.27
Sagarpur,Geeta Colony,1.85
Palam Colony,Pushp Vihar,10.16
GTB Enclave,Adarsh Nagar,6.29
Mandawali,Shahdara,11.65
Rani Bagh,Rajouri Garden,1.04
Connaught Place,Yamuna Vihar,8.54
Janakpuri,Yamuna Vihar,3.46
Burari,Pragati Maidan,8.08
Patparganj,Chandni Chowk,3.78
Palam,Bhikaji Cama Place,3.86
Dabri,Govindpuri,13.01
Pandav Nagar,Adarsh Nagar,8.12
GTB Nagar,Palam Colony,1.43
Rajiv Chowk,Mahipalpur,10.72
Tagore Garden,Pragati Maidan,5.46
Tehkhand,Ashram,7.81
Ramesh Nagar,Nizamuddin,1.42
Malviya Nagar,Rajendra Nagar,3.51
Greater Kailash,Ghitorni,6.32
Patel Chowk,Pitampura,13.0
Ramesh Nagar,Shadipur,7.76
Pitampura,Ashram,2.25
AIIMS,Ali Vihar,10.16
Krishna Nagar,Shalimar Bagh,6.82
Tilak Nagar,Jasola,11.67
Mansarovar Park,Sultanpur,7.52
Kapasheda,New Friends Colony,7.21
Bhogal,Mehrauli,3.1
Malviya Nagar,Nizamuddin,10.34
Badarpur,Jahangirpuri,14.95
Bijwasan,Jamia Nagar,12.47
Babarpur,Safdarjung,8.61
Adarsh Nagar,Pitampura,11.94
Burari,Karol Bagh,5.94
Hauz Khas,Kirti Nagar,14.8
Nauroji Nagar,Malviya Nagar,13.72
Anand Vihar,Mahipalpur,3.32
Preet Vihar,Mehrauli,6.9
Nauroji Nagar,Najafgarh,10.79
Wazirabad,Karol Bagh,12.81
Preet Vihar,Mustafabad,13.72
Saket,Civil Lines,10.42
Jasola,Patparganj,7.74
East of Kailash,Mayur Vihar,3.54
Tehkhand,Majnu Ka Tila,9.59
Burari,Naraina,11.09
Qutub Minar,Pandav Nagar,1.5
Vivek Vihar,Ashok Vihar,14.24
Krishna Nagar,Timarpur,14.86
Shahdara,Sonia Vihar,9.61
Tilak Nagar,Palam Colony,13.27
South Extension,Najafgarh,13.73
Bijwasan,Tilak Nagar,10.77
Lok Kalyan Marg,INA,1.72
Madanpur Khadar,Sonia Vihar,10.83
Pandav Nagar,Bijwasan,3.42
Sultanpur,Madanpur Khadar,2.55
Andheria Mod,Neb Sarai,13.61
GTB Nagar,Ambedkar Nagar,9.06
Saket,East of Kailash,5.46
Bhikaji Cama Place,Ambedkar Nagar,8.78
Tehkhand,New Friends Colony,3.3
Punjabi Bagh,Tagore Garden,4.67
Ali Vihar,Laxmi Nagar,8.32
Palam Colony,Surajmal Vihar,9.65
India Gate,Mukherjee Nagar,7.64
Rajiv Chowk,INA,8.53
Mahipalpur,Krishna Nagar,2.83
ISBT,Deoli,9.05
Rajendra Nagar,Adarsh Nagar,8.25
Badarpur,Chattarpur,3.35
Tilak Nagar,Arjangarh,9.52
India Gate,Neb Sarai,12.18
Sagarpur,Mandawali,9.7
AIIMS,Dwarka,11.96
New Friends Colony,Old Delhi,13.87
Paschim Vihar,Badli,2.92
Paschim Vihar,Rajouri Garden,4.29
Pragati Maidan,Okhla,7.05
Bhogal,Rajouri Garden,1.05
Govindpuri,Jasola,7.78
Jahangirpuri,Mandawali,1.3
Palam,Mandawali,3.06
Naraina,Rajouri Garden,4.78
Azadpur,Mukherjee Nagar,2.03
Malviya Nagar,Lajpat Nagar,9.33
Surajmal Vihar,Civil Lines,6.7
Inderpuri,Mahipalpur,4.84
Sultanpur,Yamuna Vihar,12.64
Madanpur Khadar,Majnu Ka Tila,4.85
South Extension,Vikaspuri,5.7
Mahipalpur,Pandav Nagar,9.19
GTB Nagar,Race Course,7.26
Burari,Ali Vihar,2.54
Majnu Ka Tila,Batla House,13.5
East of Kailash,Chandni Chowk,9.66
Wazirabad,Shalimar Bagh,13.75
Dilshad Garden,Sarita Vihar,5.74
Shadipur,Mandi House,14.52
Jamia Nagar,Badarpur,7.91
Pushp Vihar,Ashram,3.23
Rajiv Chowk,Paschim Vihar,6.24
AIIMS,Dabri,9.0
Ghitorni,Paschim Vihar,14.15
Sarojini Nagar,Sarita Vihar,12.69
South Extension,Dabri,7.21
GTB Enclave,Zafrabad,2.76
Neb Sarai,Barakhamba,7.09
Majnu Ka Tila,Jahangirpuri,9.87
Kapasheda,Mehrauli,1.72
Tilak Nagar,Race Course,7.7
Karol Bagh,Tilak Nagar,2.3
Hauz Khas,Qutub Minar,7.36
Azadpur,Pitampura,9.79
Wazirabad,Tilak Nagar,1.93
Dwarka,Chanakyapuri,5.84
Dwarka,Sagarpur,8.32
Lok Kalyan Marg,Netaji Subhash Place,8.48
Mandawali,Vikaspuri,14.91
Safdarjung,GTB Enclave,13.22
Rohini,Tehkhand,5.59
Saket,Uttam Nagar,9.24
Palam Colony,Sarojini Nagar,11.79
Central Secretariat,Mahipalpur,5.85
Badli,Rohini,14.82
Tigri,Surajmal Vihar,14.36
Lajpat Nagar,GTB Enclave,14.5
Mayur Vihar,Hari Nagar,7.63
Mayapuri,Samaypur,5.55
Connaught Place,Batla House,2.64
Nehru Place,Green Park,2.57
Azadpur,Ramesh Nagar,8.17
Kapasheda,Pitampura,3.58
Tigri,Mandawali,14.9
East of Kailash,Okhla,7.57
Nizamuddin,Timarpur,14.9
Mandawali,Bhogal,14.3
Sultanpur,Paschim Vihar,9.5
Madanpur Khadar,Mehrauli,3.66
Tilak Nagar,Burari,7.26
ISBT,Subhash Nagar,14.82
Arjangarh,Bhogal,2.12
Vikaspuri,Old Delhi,2.8
Mukherjee Nagar,Netaji Subhash Place,7.37
Rajiv Chowk,Welcome,10.2
Patparganj,Govindpuri,6.08
Timarpur,Sultanpur,14.0
Bhikaji Cama Place,Dilshad Garden,10.32
Zafrabad,Janakpuri,2.28
Jahangirpuri,Okhla,7.92
Samaypur,Andheria Mod,3.61
Ambedkar Nagar,INA,3.56
Pitampura,Tilak Nagar,12.51
Pushp Vihar,Rajiv Chowk,8.51
Vivek Vihar,Dabri,13.6
New Friends Colony,Karkardooma,1.81
Mayur Vihar,Vikaspuri,9.25
Babarpur,Wazirabad,6.37
Batla House,Green Park,12.56
Qutub Minar,Ashram,13.94
Arjangarh,India Gate,6.43
Malviya Nagar,Pragati Maidan,1.04
Uttam Nagar,Samaypur,3.39
Model Town,Mehrauli,13.28
Paschim Vihar,Mansarovar Park,8.51
Madanpur Khadar,Nauroji Nagar,2.18
Palam Colony,Central Secretariat,13.46
Tughlakabad,Hazrat Nizamuddin,8.95
Nauroji Nagar,Mayur Vihar,1.6
Bhogal,Ashok Vihar,2.64
Patel Chowk,Barakhamba,8.9
GTB Enclave,Badarpur,3.26
Nizamuddin,Sangam Vihar,9.16
Palam,Hauz Khas,5.77
Tagore Garden,Qutub Minar,3.53
Sonia Vihar,Chandni Chowk,2.98
Bhikaji Cama Place,Sangam Vihar,14.42
Green Park,INA,7.03
Batla House,Timarpur,11.25
Preet Vihar,Burari,10.85
Badli,Tughlakabad,11.57
Kashmere Gate,Tilak Nagar,2.71
Kashmere Gate,Sagarpur,11.17
Moti Nagar,Adarsh Nagar,5.24
Geeta Colony,Ashok Nagar,12.29
Bijwasan,Inderpuri,9.97
Tilak Nagar,Karol Bagh,12.82
Madanpur Khadar,Ali Vihar,3.8
Hazrat Nizamuddin,Kapasheda,12.13
Model Town,Karawal Nagar,11.7
Safdarjung,Ambedkar Nagar,1.75
Karol Bagh,Tehkhand,2.22
Seelampur,Ashok Vihar,9.43
Greater Kailash,Lajpat Nagar,9.9
Pragati Maidan,Kashmere Gate,7.05
Tilak Nagar,South Extension,10.49
East of Kailash,Kirti Nagar,4.78
Rani Bagh,Mandawali,12.03
Preet Vihar,Mandi House,13.13
Lok Kalyan Marg,Ghitorni,13.18
Ramesh Nagar,Tughlakabad,12.92
Bijwasan,Mayur Vihar,13.12
Badarpur,Paschim Vihar,13.28
Neb Sarai,Netaji Subhash Place,12.75
Sonia Vihar,Jamia Nagar,8.65
Karkardooma,Yamuna Vihar,6.28
Karkardooma,Sultanpur,7.45
Pushp Vihar,South Extension,6.74
Rani Bagh,Mandawali,1.77
Ramesh Nagar,Moti Nagar,11.49
Ambedkar Nagar,Madanpur Khadar,9.37
Pandav Nagar,Hazrat Nizamuddin,10.68
Dilshad Garden,Yamuna Vihar,6.6
Uttam Nagar,Civil Lines,7.2
Shahdara,Kalkaji,3.76
Bhikaji Cama Place,Netaji Subhash Place,1.15
Anand Vihar,Jahangirpuri,12.11
Tagore Garden,Mayapuri,8.89
AIIMS,Ramesh Nagar,1.5
Okhla,Dwarka,5.37
Rohini,Karkardooma,11.16
Arjangarh,Rajendra Nagar,13.15
Badli,Lok Kalyan Marg,2.93
Mahipalpur,Paschim Vihar,12.01
Mehrauli,Govindpuri,7.64
Model Town,New Friends Colony,8.79
East of Kailash,Adarsh Nagar,2.95
Kashmiri Gate,Ashok Vihar,4.89
Chanakyapuri,Azadpur,4.81
Race Course,East of Kailash,7.33
Shalimar Bagh,Tilak Nagar,5.49
Samaypur,Ghitorni,13.53
Race Course,Patel Chowk,6.21
Badli,Netaji Subhash Place,10.63
Sarita Vihar,Badarpur,12.65
Burari,Krishna Nagar,14.55
Patel Chowk,Kalkaji,12.65
Palam,Burari,4.06
Ashram,Ghitorni,4.3
Subhash Nagar,Samaypur,8.93
Nauroji Nagar,Mandawali,8.07
Ashok Vihar,Chanakyapuri,4.63
Anand Vihar,Lajpat Nagar,5.7
Bhikaji Cama Place,Adarsh Nagar,11.01
Patel Chowk,East of Kailash,8.1
Kapasheda,Bhogal,14.13
Green Park,Moti Nagar,7.94
Yamuna Vihar,Moti Nagar,5.1
India Gate,Chanakyapuri,14.54
Hari Nagar,Sarojini Nagar,10.73
Sagarpur,Rajouri Garden,2.67
Wazirabad,Vikaspuri,5.07
Andheria Mod,Pushp Vihar,1.1
Nehru Place,Bijwasan,7.4
Jahangirpuri,Babarpur,4.65
Mukherjee Nagar,Burari,4.38
Deoli,GTB Enclave,7.42
Jhilmil,Moti Nagar,11.46
Barakhamba,Mansarovar Park,9.78
Mahipalpur,Kirti Nagar,1.7
Inderpuri,Lajpat Nagar,5.96
Safdarjung,Kalkaji,2.45
Paschim Vihar,Patparganj,14.02
Badli,Vikaspuri,11.53
Vikaspuri,Batla House,2.76
Subhash Nagar,Tagore Garden,5.53
Mukherjee Nagar,Burari,1.79
Lok Kalyan Marg,Connaught Place,9.18
Krishna Nagar,Paschim Vihar,12.3
New Friends Colony,Punjabi Bagh,7.34
Barakhamba,Najafgarh,4.98
Vikaspuri,Tigri,1.65
Okhla,Preet Vihar,9.65
Hari Nagar,Kirti Nagar,5.87
Arjangarh,Adarsh Nagar,4.46
Mandawali,Kapasheda,10.36
Jamia Nagar,Adarsh Nagar,10.03
Moti Nagar,Karkardooma,10.21
Lajpat Nagar,Lok Kalyan Marg,9.47
Badarpur,Kalkaji,10.17
Mandi House,Laxmi Nagar,9.98
Neb Sarai,Rajiv Chowk,9.08
Karawal Nagar,ISBT,8.54
Nehru Place,Badarpur,1.68
Mayur Vihar,Dilshad Garden,4.88
Tilak Nagar,RK Puram,6.1
Race Course,Paschim Vihar,14.92
Azadpur,Rajiv Chowk,4.01
Wazirabad,Badarpur,2.24
Punjabi Bagh,Dabri,9.27
Tughlakabad,Jahangirpuri,3.79
Sangam Vihar,Mayur Vihar,10.6
Karkardooma,Geeta Colony,10.71
RK Puram,Yamuna Vihar,7.88
Adarsh Nagar,Rajendra Nagar,8.92
Chattarpur,Inderpuri,13.8
Shalimar Bagh,Badarpur,10.49
INA,ISBT,1.12
Neb Sarai,Mukherjee Nagar,3.17
Nauroji Nagar,Mandi House,9.48
Najafgarh,Burari,7.99
Nauroji Nagar,Bhikaji Cama Place,13.64
Tagore Garden,Neb Sarai,2.74
Sultanpur,Azadpur,2.07
Old Delhi,Kashmere Gate,11.19
AIIMS,Paschim Vihar,8.24
Geeta Colony,Karawal Nagar,10.39
Kalkaji,Saket,13.66
Timarpur,Sultanpur,14.55
Babarpur,Sarojini Nagar,9.89
Adarsh Nagar,Tagore Garden,10.04
Palam Colony,Hazrat Nizamuddin,7.34
Sarita Vihar,Zafrabad,9.04
Preet Vihar,Punjabi Bagh,9.59
Chattarpur,Sangam Vihar,10.3
Nizamuddin,Seelampur,10.88
ISBT,Nauroji Nagar,1.18
RK Puram,Badli,13.63
Chattarpur,Seelampur,2.99
Jhilmil,Pragati Maidan,7.75
Ramesh Nagar,Mayapuri,8.57
Kashmere Gate,Mehrauli,10.98
Shalimar Bagh,Sagarpur,13.12
Kashmiri Gate,Sultanpur,4.37
Sultanpur,Badli,13.42
Race Course,Malviya Nagar,12.46
Tehkhand,Deoli,4.78
Nizamuddin,Shahdara,4.66
Saket,Central Secretariat,8.35
Lajpat Nagar,Kalkaji,1.24
Pitampura,Badarpur,6.06
Yamuna Vihar,GTB Enclave,13.05
Zafrabad,Kashmere Gate,14.58
Tilak Nagar,Naraina,4.43
ISBT,GTB Enclave,14.2
Mandawali,Majnu Ka Tila,2.52
New Friends Colony,Hari Nagar,3.95
Shadipur,Nehru Place,11.24
Burari,Mansarovar Park,4.72
Chattarpur,Subhash Nagar,3.2
Rajiv Chowk,Patparganj,1.06
Subhash Nagar,Mansarovar Park,8.03
Dabri,Green Park,10.34
Patparganj,Kapasheda,14.27
GTB Enclave,Lajpat Nagar,7.76
Burari,Andheria Mod,11.24
Timarpur,Mukherjee Nagar,5.31
Vikaspuri,East of Kailash,8.64
Krishna Nagar,Kashmiri Gate,11.56
Mansarovar Park,Majnu Ka Tila,12.43
Tagore Garden,Jahangirpuri,3.4
Pandav Nagar,Ambedkar Nagar,6.17
Sangam Vihar,Chattarpur,4.62
Ambedkar Nagar,Green Park,8.49
Azadpur,Krishna Nagar,3.17
Mukherjee Nagar,Rani Bagh,11.37
India Gate,Karawal Nagar,10.99
Vasant Kunj,Sangam Vihar,3.96
Tughlakabad,Rani Bagh,2.53
India Gate,Andheria Mod,5.41
Adarsh Nagar,Netaji Subhash Place,12.78
Mansarovar Park,Badarpur,5.69
Sultanpur,Connaught Place,5.38
Shadipur,Tughlakabad,7.47
Najafgarh,Sagarpur,7.26
Bijwasan,Safdarjung,2.6
India Gate,Subhash Nagar,10.68
Sultanpur,Patel Chowk,3.18
Okhla,Rohini,6.04
Model Town,Qutub Minar,13.69
Palam Colony,Mandawali,10.64
Shadipur,Mukherjee Nagar,10.26
East of Kailash,Pushp Vihar,12.56
Najafgarh,Sarojini Nagar,10.67
GTB Enclave,Model Town,7.69
Badarpur,Deoli,6.38
Safdarjung,Ghitorni,4.39
Shalimar Bagh,Dabri,6.43
Nauroji Nagar,Burari,4.03
Rajouri Garden,Dwarka,11.9
Mayapuri,Lajpat Nagar,11.58
Vasant Kunj,Shadipur,10.9
ISBT,Kashmere Gate,6.02
Paschim Vihar,Nehru Place,8.91
Safdarjung,Madanpur Khadar,9.54
Hauz Khas,Janakpuri,1.73
Greater Kailash,Central Secretariat,10.85
Wazirabad,New Friends Colony,9.1
Naraina,Seelampur,13.73
INA,Bhogal,13.36
Karawal Nagar,Mustafabad,1.36
Hauz Khas,Nehru Place,9.85
Tigri,Qutub Minar,1.14
Govindpuri,Mayur Vihar,8.27
ITO,Palam,3.22
Rajouri Garden,Tagore Garden,10.06
New Friends Colony,Hauz Khas,13.21
Laxmi Nagar,Mandi House,13.81
Govindpuri,Karkardooma,11.53
Palam,New Friends Colony,9.68
Krishna Nagar,Rajendra Nagar,1.66
Rajendra Nagar,Neb Sarai,11.04
Sangam Vihar,Adarsh Nagar,8.08
Ramesh Nagar,Lajpat Nagar,10.35
Tigri,Geeta Colony,11.39
Palam Colony,Rajiv Chowk,7.07
Bijwasan,Rohini,4.2
Ambedkar Nagar,Patel Chowk,1.12
Nauroji Nagar,Vasant Kunj,10.55
Geeta Colony,Patparganj,10.15
Mandawali,Hari Nagar,10.54
Lajpat Nagar,Patparganj,13.28
Jhilmil,Geeta Colony,3.61
ISBT,RK Puram,14.58
Chanakyapuri,Naraina,1.61
RK Puram,Bhogal,11.54
Jasola,Jamia Nagar,6.99
Karkardooma,Janakpuri,10.66
Rani Bagh,South Extension,14.58
Mayur Vihar,Sarita Vihar,2.38
India Gate,Shadipur,9.16
Karkardooma,East of Kailash,1.71
Zafrabad,Nauroji Nagar,10.33
Arjangarh,AIIMS,12.7
Lok Kalyan Marg,Nehru Place,6.3
Tigri,Shalimar Bagh,1.03
Palam Colony,Ramesh Nagar,9.43
Greater Kailash,Patel Chowk,1.7
Arjangarh,Kirti Nagar,3.44
Palam,Ashram,10.56
Samaypur,Mayapuri,1.53
Sagarpur,South Extension,7.96
New Friends Colony,Adarsh Nagar,6.52
Shalimar Bagh,Rani Bagh,9.14
Burari,Jhilmil,4.03
Rajiv Chowk,Pragati Maidan,7.63
Naraina,Green Park,2.75
Arjangarh,Hari Nagar,14.75
Jamia Nagar,Pandav Nagar,14.72
ITO,Dabri,3.87
Nizamuddin,Dilshad Garden,12.44
Laxmi Nagar,Inderpuri,8.75
Tilak Nagar,Rohini,10.47
Mustafabad,Lok Kalyan Marg,5.24
Geeta Colony,Chattarpur,4.02
Kapasheda,Dabri,7.28
Sangam Vihar,Sonia Vihar,12.09
Chattarpur,ITO,6.93
Model Town,Neb Sarai,6.48
Model Town,Tughlakabad,1.6
Okhla,Vikaspuri,6.71
Model Town,Burari,7.58
Pragati Maidan,Inderpuri,9.83
Greater Kailash,Tilak Nagar,14.59
Tigri,Patel Chowk,14.27
India Gate,Rani Bagh,12.7
Sagarpur,Sultanpur,9.23
Adarsh Nagar,Karawal Nagar,9.0
Subhash Nagar,Palam,11.43
Race Course,Burari,8.78
Karawal Nagar,Chandni Chowk,8.51
Timarpur,Surajmal Vihar,5.33
Timarpur,Shahdara,8.02
Hari Nagar,Mustafabad,10.41
GTB Enclave,Tilak Nagar,4.14
South Extension,Patparganj,4.63
Pushp Vihar,Patel Chowk,14.25
Timarpur,Ramesh Nagar,7.36
Burari,India Gate,9.69
Okhla,Pushp Vihar,1.22
Model Town,Anand Vihar,11.85
Arjangarh,Tughlakabad,4.83
Pushp Vihar,Zafrabad,11.6
Jahangirpuri,Sultanpur,2.7
Azadpur,Bhogal,10.36
Dilshad Garden,Tilak Nagar,10.81
Zafrabad,Old Delhi,5.36
INA,Malviya Nagar,6.0
Kirti Nagar,Nizamuddin,11.5
Mayur Vihar,Qutub Minar,2.51
Mayur Vihar,Madanpur Khadar,5.3
Arjangarh,Sonia Vihar,5.43
Sagarpur,Sonia Vihar,8.1
Rajiv Chowk,Krishna Nagar,1.59
Vikaspuri,Ambedkar Nagar,4.17
Tilak Nagar,Burari,10.63
Ashok Nagar,Vikaspuri,8.91
Karol Bagh,Welcome,7.88
Civil Lines,Laxmi Nagar,13.65
Ashok Vihar,Bhikaji Cama Place,6.52
Mandawali,Connaught Place,4.27
Green Park,Mehrauli,6.74
AIIMS,Bhogal,1.35
Najafgarh,Palam Colony,1.22
Karawal Nagar,Andheria Mod,5.95
Moti Nagar,Tilak Nagar,11.5
Shahdara,Rajiv Chowk,9.95
Chandni Chowk,Qutub Minar,3.05
Okhla,Old Delhi,4.4
Dabri,Neb Sarai,1.77
Moti Nagar,Hazrat Nizamuddin,7.63
Central Secretariat,Barakhamba,11.84
Model Town,Qutub Minar,1.94
INA,Pandav Nagar,1.24
Tigri,Okhla,3.9
Hauz Khas,Rajouri Garden,14.47
East of Kailash,Majnu Ka Tila,5.93
Mayapuri,Zafrabad,11.44
Karol Bagh,Bhikaji Cama Place,2.88
Surajmal Vihar,Pushp Vihar,3.76
Safdarjung,Pandav Nagar,6.4
Shahdara,Ashok Nagar,12.72
Dabri,Mustafabad,1.8
Geeta Colony,Vikaspuri,13.24
Sultanpur,Pitampura,1.46
Jasola,Model Town,5.05
Bhogal,Tilak Nagar,12.39
Uttam Nagar,Mandawali,4.93
Welcome,Pushp Vihar,13.8
INA,Mehrauli,11.25
Uttam Nagar,Rajouri Garden,1.76
Punjabi Bagh,Central Secretariat,11.93
Mansarovar Park,Jamia Nagar,5.79
Race Course,Samaypur,1.87
Mandawali,Mahipalpur,3.05
Badli,Punjabi Bagh,9.74
Sagarpur,Rajiv Chowk,11.63
Nauroji Nagar,Govindpuri,13.13
Jahangirpuri,Qutub Minar,12.17
Surajmal Vihar,Ghitorni,11.65
Palam,Mehrauli,14.1
Deoli,Burari,9.68
Jahangirpuri,South Extension,5.43
South Extension,Bhikaji Cama Place,10.0
Mustafabad,Jasola,11.22
Old Delhi,Pushp Vihar,8.09
GTB Nagar,Anand Vihar,8.08
Nehru Place,Civil Lines,4.94
Paschim Vihar,Pandav Nagar,1.37
Geeta Colony,Chanakyapuri,11.0
GTB Enclave,Connaught Place,4.45
Kirti Nagar,Punjabi Bagh,7.95
Shahdara,Tilak Nagar,1.56
GTB Enclave,Tagore Garden,10.54
Rohini,East of Kailash,9.94
Kapasheda,ITO,5.47
Timarpur,Mustafabad,10.72
Adarsh Nagar,Rajiv Chowk,6.04
Ashram,Uttam Nagar,10.33
Mayur Vihar,Bhikaji Cama Place,3.3
Hazrat Nizamuddin,Chattarpur,1.38
Anand Vihar,Sultanpur,13.64
Paschim Vihar,Janakpuri,11.26
Paschim Vihar,Ashok Nagar,5.84
Bhogal,Bijwasan,4.06
Inderpuri,India Gate,9.56
Shalimar Bagh,Sonia Vihar,13.6
Sarita Vihar,Pragati Maidan,13.69
Badarpur,Pushp Vihar,10.61
Yamuna Vihar,Andheria Mod,13.72
Bhikaji Cama Place,Nizamuddin,7.89
Seelampur,Ambedkar Nagar,10.02
Rajouri Garden,Tagore Garden,5.53
Burari,Jamia Nagar,1.35
Burari,Barakhamba,14.2
Neb Sarai,Deoli,7.4
Tughlakabad,Race Course,8.07
Mayapuri,Dwarka,6.01
Connaught Place,Lok Kalyan Marg,12.94
Pandav Nagar,Race Course,1.79
Karol Bagh,Adarsh Nagar,6.24
Pushp Vihar,Rani Bagh,7.3
Vikaspuri,Punjabi Bagh,4.23
INA,Deoli,12.18
Naraina,Anand Vihar,10.38
Preet Vihar,Punjabi Bagh,6.29
South Extension,Pandav Nagar,3.68
Sarita Vihar,Mayur Vihar,11.44
Azadpur,Majnu Ka Tila,2.4
Badli,East of Kailash,2.12
Karkardooma,Jamia Nagar,5.11
Palam,Laxmi Nagar,10.18
Tigri,Lok Kalyan Marg,8.43
Jamia Nagar,Sarojini Nagar,10.08
Majnu Ka Tila,GTB Nagar,4.46
GTB Nagar,East of Kailash,12.64
Preet Vihar,Pushp Vihar,11.82
Mayur Vihar,Malviya Nagar,3.72
Ashok Vihar,AIIMS,10.26
Samaypur,Badli,7.35
Qutub Minar,Hauz Khas,6.6
Moti Nagar,Mansarovar Park,5.9
Surajmal Vihar,Netaji Subhash Place,11.07
Madanpur Khadar,Tughlakabad,5.63
Qutub Minar,Karawal Nagar,3.37
Hazrat Nizamuddin,Mehrauli,4.89
GTB Enclave,Vasant Kunj,1.68
Kapasheda,Patparganj,2.59
Ambedkar Nagar,Rohini,5.14
Badli,Sarita Vihar,3.99
Qutub Minar,Malviya Nagar,11.87
Old Delhi,Zafrabad,3.8
Inderpuri,Ashok Nagar,13.2
Okhla,Burari,14.79
Uttam Nagar,Punjabi Bagh,6.7
Sultanpur,ITO,9.79
Burari,Naraina,4.49
Sagarpur,Rajiv Chowk,7.15
Kashmere Gate,Inderpuri,1.44
Vivek Vihar,Nizamuddin,12.08
South Extension,Central Secretariat,8.46
Mayapuri,Deoli,10.22
Wazirabad,Connaught Place,4.93
Azadpur,Mahipalpur,1.5
Rani Bagh,GTB Nagar,2.3
RK Puram,Shadipur,2.36
Rohini,Barakhamba,8.43
Shadipur,Burari,7.47
Nehru Place,AIIMS,7.3
ITO,Adarsh Nagar,2.51
Race Course,Green Park,5.04
Chandni Chowk,Neb Sarai,3.71
Pandav Nagar,Neb Sarai,5.01
Qutub Minar,Burari,13.05
Badarpur,Timarpur,9.71
Old Delhi,ITO,5.54
Dilshad Garden,Mehrauli,7.16
Netaji Subhash Place,Jahangirpuri,6.1
Chandni Chowk,Nauroji Nagar,11.65
Geeta Colony,Tughlakabad,7.93
Madanpur Khadar,Vikaspuri,5.92
Tughlakabad,Nauroji Nagar,8.52
Rajendra Nagar,Hari Nagar,11.78
Arjangarh,Kapasheda,4.06
Ambedkar Nagar,Ashok Vihar,6.33
Tughlakabad,Tehkhand,8.72
ITO,ISBT,9.53
Bhikaji Cama Place,Okhla,11.31
Chattarpur,Zafrabad,8.61
Sagarpur,Shahdara,14.3
Madanpur Khadar,Mandawali,14.05
Karkardooma,ISBT,11.56
Preet Vihar,Azadpur,9.18
Dabri,Jhilmil,14.23
Pandav Nagar,GTB Enclave,10.52
Ambedkar Nagar,Preet Vihar,12.22
Tigri,India Gate,2.76
GTB Nagar,Sultanpur,3.96
Wazirabad,Janakpuri,5.16
RK Puram,Zafrabad,9.76
Pitampura,Ghitorni,5.47
GTB Nagar,Mandi House,7.25
Jamia Nagar,New Friends Colony,14.16
Connaught Place,Kalkaji,10.85
Anand Vihar,Punjabi Bagh,7.21
Babarpur,Civil Lines,3.07
Chattarpur,Nehru Place,8.81
Kirti Nagar,Model Town,7.59
Mahipalpur,Nizamuddin,7.1
Anand Vihar,Ghitorni,7.68
Deoli,Karkardooma,3.19
Batla House,Mandi House,11.97
Chanakyapuri,Preet Vihar,9.54
Tughlakabad,Welcome,11.13
Central Secretariat,Sultanpur,10.24
Dilshad Garden,Badarpur,14.68
East of Kailash,Jamia Nagar,13.57
Kirti Nagar,Rajiv Chowk,10.91
Model Town,Azadpur,9.63
Wazirabad,Vikaspuri,8.25
Race Course,Shadipur,8.6
Nizamuddin,Netaji Subhash Place,12.81
Connaught Place,Shalimar Bagh,12.88
INA,Seelampur,11.41
Neb Sarai,Jhilmil,5.76
Babarpur,Adarsh Nagar,1.27
Mahipalpur,Greater Kailash,9.31
Model Town,Rohini,6.58
Govindpuri,Barakhamba,4.55
Majnu Ka Tila,Malviya Nagar,5.37
Nizamuddin,East of Kailash,10.07
Ashram,Wazirabad,11.58
Ghitorni,Rajendra Nagar,10.17
Pushp Vihar,Qutub Minar,9.54
Sarita Vihar,Patel Chowk,4.74
Qutub Minar,Mustafabad,9.0
GTB Enclave,Badarpur,3.04
Uttam Nagar,Subhash Nagar,2.41
Moti Nagar,Janakpuri,11.01
Adarsh Nagar,Palam Colony,9.04
Sangam Vihar,Pragati Maidan,11.08
Mahipalpur,Netaji Subhash Place,14.66
Tilak Nagar,Krishna Nagar,10.16
Surajmal Vihar,Nizamuddin,14.12
Inderpuri,Tigri,14.95
Govindpuri,Tigri,2.31
Rajendra Nagar,Tehkhand,5.35
Mansarovar Park,Inderpuri,5.9
Palam,Lajpat Nagar,5.72
Hazrat Nizamuddin,GTB Nagar,3.98
Inderpuri,East of Kailash,14.42
Batla House,Kashmere Gate,2.34
Tagore Garden,Greater Kailash,13.32
Batla House,Badli,3.72
Chandni Chowk,New Friends Colony,7.35
Safdarjung,Jahangirpuri,2.45
Kashmiri Gate,Connaught Place,6.31
Nauroji Nagar,Batla House,12.58
Rohini,Tehkhand,11.89
Central Secretariat,Connaught Place,9.07
Palam,Nizamuddin,9.31
Qutub Minar,Mandawali,13.98
Andheria Mod,Nizamuddin,6.57
Krishna Nagar,New Friends Colony,3.67
Moti Nagar,Mukherjee Nagar,8.66
Uttam Nagar,Mukherjee Nagar,10.98
Jasola,Palam Colony,2.14
Mandawali,Mayapuri,8.64
Samaypur,Central Secretariat,4.28
Chandni Chowk,Ghitorni,4.15
Sonia Vihar,Okhla,3.52
Ashok Vihar,New Friends Colony,11.96
Dilshad Garden,Anand Vihar,8.59
Shadipur,Karkardooma,12.87
Ashok Vihar,Burari,2.13
Pushp Vihar,Timarpur,9.84
Sagarpur,ISBT,12.77
Mansarovar Park,Uttam Nagar,10.63
Sultanpur,Vivek Vihar,8.05
Deoli,Central Secretariat,3.3
ITO,Palam Colony,3.79
Okhla,Madanpur Khadar,3.26
Dabri,Sarojini Nagar,1.88
Ashram,Green Park,9.72
Okhla,Barakhamba,12.21
Dabri,Naraina,12.45
ITO,Wazirabad,1.97
Sarojini Nagar,Vikaspuri,8.31
Karawal Nagar,Yamuna Vihar,3.59
Kashmere Gate,Burari,12.97
ITO,Tehkhand,5.35
Pandav Nagar,Punjabi Bagh,3.4
Bijwasan,Netaji Subhash Place,9.29
Barakhamba,Kalkaji,4.12
Hari Nagar,Naraina,3.67
Samaypur,Shadipur,3.95
Bijwasan,Saket,14.83
Chanakyapuri,Nizamuddin,13.54
Jhilmil,Kashmiri Gate,4.57
Nauroji Nagar,Pitampura,4.64
Seelampur,GTB Enclave,14.95
Batla House,Arjangarh,1.62
Shalimar Bagh,Ghitorni,14.24
Kirti Nagar,Ashok Vihar,3.27
Madanpur Khadar,Race Course,1.53
Chanakyapuri,Timarpur,5.36
Kirti Nagar,Sarojini Nagar,12.22
Samaypur,ISBT,12.51
Madanpur Khadar,Kirti Nagar,10.16
Geeta Colony,Adarsh Nagar,14.35
Chanakyapuri,GTB Enclave,7.07
Adarsh Nagar,RK Puram,1.8
Kapasheda,Burari,1.57
Sagarpur,Kalkaji,7.54
Palam,Batla House,1.71
Kashmiri Gate,Ashram,5.54
Netaji Subhash Place,Bhikaji Cama Place,1.73
Laxmi Nagar,Lok Kalyan Marg,14.87
Timarpur,Bhikaji Cama Place,13.9
AIIMS,Pandav Nagar,7.12
Mayur Vihar,Najafgarh,9.09
Mansarovar Park,Palam Colony,11.26
Mehrauli,Burari,12.42
Timarpur,Ghitorni,9.96
Krishna Nagar,Janakpuri,14.0
Kashmere Gate,Bijwasan,14.23
Hazrat Nizamuddin,Palam,4.18
Najafgarh,Bhikaji Cama Place,11.68
Naraina,East of Kailash,11.19
Govindpuri,Sarita Vihar,1.38
Ali Vihar,Mandi House,7.48
Ali Vihar,Inderpuri,7.85
New Friends Colony,Deoli,12.14
Azadpur,Tagore Garden,11.09
Pitampura,Ramesh Nagar,5.12
Tehkhand,Okhla,13.62
Tehkhand,Nauroji Nagar,11.61
Punjabi Bagh,Kashmere Gate,4.65
Rani Bagh,GTB Enclave,3.16
Jahangirpuri,Burari,8.86
Arjangarh,Hauz Khas,14.95
Rani Bagh,Majnu Ka Tila,2.61
Mayur Vihar,South Extension,14.76
ISBT,Uttam Nagar,14.22
Rohini,Zafrabad,11.38
Saket,Kalkaji,4.76
Uttam Nagar,Inderpuri,14.67
Vasant Kunj,Chandni Chowk,4.21
Mukherjee Nagar,Patel Chowk,8.21
Uttam Nagar,Krishna Nagar,14.53
Andheria Mod,Bijwasan,11.56
Rajiv Chowk,Ashram,10.16
Burari,Mayapuri,3.95
Mukherjee Nagar,Subhash Nagar,3.71
Old Delhi,Bijwasan,14.53
Lajpat Nagar,Mandawali,14.74
Surajmal Vihar,Sagarpur,7.33
Ashok Vihar,Mehrauli,6.4
Nauroji Nagar,Timarpur,14.89
Qutub Minar,Dilshad Garden,7.42
Tilak Nagar,Mukherjee Nagar,4.07
Uttam Nagar,Old Delhi,1.73
Hazrat Nizamuddin,Chandni Chowk,12.31
Qutub Minar,Mansarovar Park,13.09
Mandawali,Andheria Mod,14.89
East of Kailash,South Extension,3.93
Tilak Nagar,GTB Nagar,13.89
Babarpur,Rani Bagh,3.07
Safdarjung,Subhash Nagar,1.11
Burari,South Extension,9.27
Pragati Maidan,ITO,6.69
Palam Colony,Karol Bagh,4.92
Dwarka,Rajendra Nagar,10.51
Mandi House,East of Kailash,9.92
Safdarjung,Mayur Vihar,6.3
Timarpur,Adarsh Nagar,1.2
Ashok Vihar,Vikaspuri,5.33
Mansarovar Park,Hari Nagar,8.49
ITO,Hari Nagar,1.67
Adarsh Nagar,Subhash Nagar,11.74
Mehrauli,Yamuna Vihar,2.16
Malviya Nagar,Tigri,10.51
INA,Uttam Nagar,9.64
Preet Vihar,Mayur Vihar,9.39
Kashmiri Gate,East of Kailash,7.08
Netaji Subhash Place,Moti Nagar,2.83
Old Delhi,Patparganj,2.02
Shahdara,Ambedkar Nagar,9.62
East of Kailash,Mukherjee Nagar,2.01
Old Delhi,Bhikaji Cama Place,7.74
Dwarka,Inderpuri,1.66
Dabri,Welcome,13.49
Rohini,Hauz Khas,2.91
Vasant Kunj,Azadpur,1.31
Kashmere Gate,Neb Sarai,4.24
Rohini,Hazrat Nizamuddin,5.01
Wazirabad,AIIMS,3.5
Old Delhi,Mehrauli,12.39
Shadipur,Yamuna Vihar,13.57
Batla House,Seelampur,6.28
Sarojini Nagar,India Gate,7.62
Chandni Chowk,Paschim Vihar,7.75
Timarpur,Burari,9.69
Tagore Garden,Neb Sarai,8.01
Shadipur,Connaught Place,1.6
Chandni Chowk,Patel Chowk,9.44
Welcome,Kalkaji,8.55
Seelampur,GTB Enclave,6.8
Janakpuri,Green Park,10.86
Neb Sarai,Civil Lines,7.83
Race Course,Patparganj,12.69
Sarojini Nagar,Andheria Mod,1.55
Mustafabad,Preet Vihar,12.3
Sarojini Nagar,Chandni Chowk,4.84
Madanpur Khadar,Ambedkar Nagar,5.98
India Gate,Pitampura,11.22
Tigri,Civil Lines,10.6
New Friends Colony,Mandawali,3.6
Ashram,Vivek Vihar,11.88
Babarpur,Civil Lines,4.97
Tilak Nagar,Pandav Nagar,13.66
Adarsh Nagar,RK Puram,5.31
Safdarjung,Burari,1.5
Sagarpur,Adarsh Nagar,11.31
Qutub Minar,Dabri,4.22
Moti Nagar,Sarojini Nagar,5.67
Okhla,Pitampura,8.53
Lajpat Nagar,Deoli,5.78
Babarpur,East of Kailash,12.72
Hauz Khas,Karawal Nagar,7.88
Saket,Ashok Nagar,11.47
Chandni Chowk,Hazrat Nizamuddin,10.38
ISBT,Laxmi Nagar,11.79
Pragati Maidan,Adarsh Nagar,1.18
Patparganj,Nauroji Nagar,11.55
Jhilmil,Najafgarh,2.28
Ghitorni,Okhla,8.63
RK Puram,Mayapuri,14.98
Anand Vihar,Nehru Place,3.4
Rajiv Chowk,Tilak Nagar,11.38
Mayapuri,Kalkaji,5.15
Neb Sarai,Okhla,7.14
Tagore Garden,Sangam Vihar,6.71
Greater Kailash,Mukherjee Nagar,9.61
Ashram,GTB Enclave,6.92
East of Kailash,Anand Vihar,7.23
Ambedkar Nagar,Palam Colony,9.37
Rajiv Chowk,Ali Vihar,1.37
Zafrabad,Dilshad Garden,8.83
Saket,Samaypur,11.49
Ashok Vihar,Jamia Nagar,13.04
Preet Vihar,Inderpuri,9.9
Bhogal,Seelampur,1.34
Naraina,Mandawali,9.13
Tughlakabad,GTB Nagar,13.17
ITO,Kapasheda,6.4
Rajouri Garden,Moti Nagar,2.83
Kalkaji,Jahangirpuri,6.67
Vivek Vihar,Chanakyapuri,7.48
Okhla,Rani Bagh,3.17
Deoli,Vasant Kunj,8.04
Chattarpur,Badli,9.88
Kashmiri Gate,New Friends Colony,10.34
Mandawali,Badli,8.41
INA,Badarpur,10.16
Tilak Nagar,Sonia Vihar,13.49
Andheria Mod,Sonia Vihar,14.18
Chattarpur,Civil Lines,6.77
Babarpur,Hauz Khas,1.3
Mehrauli,Uttam Nagar,13.75
INA,Rohini,2.23
Sultanpur,Krishna Nagar,9.07
Paschim Vihar,Bijwasan,5.14
Malviya Nagar,Ghitorni,10.1
Connaught Place,Rani Bagh,9.39
Chandni Chowk,Vasant Kunj,1.14
South Extension,Tilak Nagar,8.95
Sagarpur,Sultanpur,10.25
Tilak Nagar,Central Secretariat,1.28
Sarita Vihar,INA,8.65
Neb Sarai,Green Park,10.23
Tehkhand,Civil Lines,10.35
Rajiv Chowk,Ghitorni,2.65
Yamuna Vihar,Bhogal,7.07
Sangam Vihar,Batla House,11.03
ISBT,Lajpat Nagar,6.89
Karawal Nagar,Rohini,8.92
Najafgarh,Zafrabad,13.83
Ashok Vihar,Ghitorni,7.85
Shadipur,Naraina,3.94
Mehrauli,Chattarpur,6.55
Palam Colony,Sarita Vihar,11.62
Rajouri Garden,Anand Vihar,1.66
Adarsh Nagar,Pandav Nagar,14.24
Vikaspuri,Rajouri Garden,6.62
Naraina,Anand Vihar,8.5
Deoli,Mustafabad,11.8
Badarpur,Mustafabad,7.4
Ashram,Tughlakabad,14.26
Geeta Colony,Govindpuri,7.47
Naraina,Ghitorni,13.53
Central Secretariat,Kalkaji,3.58
Arjangarh,Chattarpur,11.29
Hazrat Nizamuddin,Bhikaji Cama Place,1.06
Mahipalpur,Mansarovar Park,1.26
Dabri,Janakpuri,12.73
Ramesh Nagar,Connaught Place,9.29
Rohini,Tigri,5.31
Ramesh Nagar,Ambedkar Nagar,2.2
Nauroji Nagar,Anand Vihar,1.31
Moti Nagar,Punjabi Bagh,2.56
Vikaspuri,Kalkaji,1.04
Netaji Subhash Place,Ambedkar Nagar,13.33
Geeta Colony,East of Kailash,2.68
Bijwasan,Nauroji Nagar,6.68
Seelampur,Sonia Vihar,6.59
Adarsh Nagar,Karkardooma,4.31
Chattarpur,Timarpur,14.95
Subhash Nagar,Kashmiri Gate,5.58
Wazirabad,Subhash Nagar,6.22
Janakpuri,Sonia Vihar,13.22
Civil Lines,Sonia Vihar,4.33
Ramesh Nagar,Barakhamba,10.51
Shahdara,Geeta Colony,12.19
Jhilmil,Bijwasan,14.38
New Friends Colony,Babarpur,9.22
Mandawali,Ashok Nagar,1.41
Nauroji Nagar,Ashram,5.62
Bijwasan,Jhilmil,10.56
Kapasheda,Shadipur,11.64
Karawal Nagar,Saket,12.58
New Friends Colony,Shalimar Bagh,2.08
Tilak Nagar,Burari,11.52
Jasola,Sonia Vihar,9.63
Ghitorni,Najafgarh,10.08
Qutub Minar,Preet Vihar,9.03
ITO,Shalimar Bagh,7.72
Netaji Subhash Place,Badli,9.22
Chattarpur,Qutub Minar,4.54
Pandav Nagar,Mukherjee Nagar,10.24
Lajpat Nagar,Ashok Vihar,2.38
Rajouri Garden,Jhilmil,12.24
Madanpur Khadar,Dilshad Garden,3.81
Sarojini Nagar,Central Secretariat,14.06
Adarsh Nagar,Moti Nagar,7.9
Wazirabad,Jasola,5.11
Burari,Ambedkar Nagar,1.88
Preet Vihar,Mayur Vihar,2.33
Shalimar Bagh,GTB Enclave,13.08
Preet Vihar,Mustafabad,13.32
Netaji Subhash Place,Adarsh Nagar,5.54
Arjangarh,East of Kailash,4.84
Rajouri Garden,Krishna Nagar,3.02
East of Kailash,Mahipalpur,14.19
India Gate,Adarsh Nagar,10.79
Mandawali,Janakpuri,6.15
Tagore Garden,Shalimar Bagh,4.6
Sarita Vihar,Surajmal Vihar,13.42
Karkardooma,Lok Kalyan Marg,3.01
East of Kailash,Rajouri Garden,6.07
Anand Vihar,Karol Bagh,9.25
Jahangirpuri,Palam,12.01
Majnu Ka Tila,Shahdara,12.88
Krishna Nagar,Okhla,3.46
Naraina,Yamuna Vihar,5.98
Bijwasan,Tughlakabad,10.28
Sonia Vihar,AIIMS,2.89
Preet Vihar,AIIMS,3.82
Vivek Vihar,Badli,3.12
Karkardooma,Zafrabad,6.39
Okhla,Saket,2.76
ITO,Sultanpur,7.49
Seelampur,Ashok Nagar,6.01
Ashok Nagar,Nauroji Nagar,11.89
Sultanpur,Arjangarh,4.4
Rohini,Malviya Nagar,3.68
Barakhamba,Ashok Nagar,14.18
Punjabi Bagh,Surajmal Vihar,1.7
Rajendra Nagar,Sangam Vihar,14.61
Palam Colony,Civil Lines,9.24
Pandav Nagar,Ashram,4.25
Dwarka,Civil Lines,10.76
INA,Arjangarh,8.24
Hauz Khas,Safdarjung,13.82
INA,ITO,12.41
Hazrat Nizamuddin,Bhogal,2.65
Sultanpur,GTB Nagar,14.98
Samaypur,Connaught Place,6.17
Model Town,Kalkaji,11.16
Chattarpur,Bijwasan,13.25
Vasant Kunj,INA,14.47
Tughlakabad,ITO,1.5
Sangam Vihar,ISBT,8.08
Vivek Vihar,Majnu Ka Tila,8.84
Saket,ITO,12.37
Shadipur,Bhogal,6.26
Ashok Nagar,Anand Vihar,5.67
Tagore Garden,Mayur Vihar,13.4
Race Course,Arjangarh,9.29
Safdarjung,Mukherjee Nagar,13.2
Shalimar Bagh,Netaji Subhash Place,10.61
Mukherjee Nagar,Andheria Mod,9.53
Najafgarh,Barakhamba,2.82
Mandawali,Ashram,8.52
Sangam Vihar,Babarpur,10.67
Adarsh Nagar,Sangam Vihar,11.5
Rohini,Safdarjung,12.5
Greater Kailash,Babarpur,1.87
Mandi House,Batla House,14.11
Ashram,Greater Kailash,9.11
East of Kailash,Malviya Nagar,11.49
Rajiv Chowk,Karol Bagh,5.28
Yamuna Vihar,Tigri,4.44
Tagore Garden,Netaji Subhash Place,5.69
Neb Sarai,Krishna Nagar,11.02
Saket,Shadipur,8.91
Patel Chowk,Hazrat Nizamuddin,1.75
Shalimar Bagh,Chandni Chowk,12.38
Anand Vihar,Civil Lines,9.79
Patel Chowk,Welcome,6.95
Mayur Vihar,Nauroji Nagar,5.25
ISBT,Ali Vihar,10.04
Chandni Chowk,Shahdara,9.64
Shahdara,Azadpur,6.27
Kapasheda,INA,5.79
Samaypur,Shadipur,14.59
Seelampur,Pragati Maidan,7.91
East of Kailash,Krishna Nagar,13.73
Surajmal Vihar,Jamia Nagar,1.63
AIIMS,Mustafabad,1.11
Ambedkar Nagar,Kashmiri Gate,1.77
Seelampur,Surajmal Vihar,1.41
Janakpuri,South Extension,2.97
Palam Colony,Ashram,6.13
Ashram,Shalimar Bagh,14.13
Sarita Vihar,Mandawali,9.54
Kirti Nagar,Okhla,9.49
